Title,Price_GBP,Star_Rating,Availability,Product_URL
A Light in the Attic (Vol. 1),51.77,3,In stock,http://books.toscrape.com/catalogue/a-light-in-the-attic_1000/index.html
Tipping the Velvet (Vol. 1),53.74,1,In stock,http://books.toscrape.com/catalogue/tipping-the-velvet_999/index.html
Soumission (Vol. 1),50.1,1,In stock,http://books.toscrape.com/catalogue/soumission_998/index.html
Sharp Objects (Vol. 1),47.82,4,In stock,http://books.toscrape.com/catalogue/sharp-objects_997/index.html
Sapiens: A Brief History of Humankind (Vol. 1),54.23,5,In stock,http://books.toscrape.com/catalogue/sapiens-a-brief-history-of-humankind_996/index.html
The Requiem Red (Vol. 1),22.65,1,In stock,http://books.toscrape.com/catalogue/the-requiem-red_995/index.html
The Dirty Little Secrets of Getting Your Dream Job (Vol. 1),33.34,4,In stock,http://books.toscrape.com/catalogue/the-dirty-little-secrets-of-getting-your-dream-job_994/index.html
"The Coming Woman: A Novel Based on the Life of the Infamous Feminist, Victoria Woodhull (Vol. 1)",17.93,3,In stock,http://books.toscrape.com/catalogue/the-coming-woman_993/index.html
The Boys in the Boat: Nine Americans and Their Epic Quest for Gold at the 1936 Berlin Olympics (Vol. 1),22.6,4,In stock,http://books.toscrape.com/catalogue/the-boys-in-the-boat_992/index.html
The Black Maria (Vol. 1),52.15,1,In stock,http://books.toscrape.com/catalogue/the-black-maria_991/index.html
"Starving Hearts (Triangular Trade Trilogy, #1) (Vol. 1)",13.99,2,In stock,http://books.toscrape.com/catalogue/starving-hearts_990/index.html
Shakespeare's Sonnets (Vol. 1),20.66,4,In stock,http://books.toscrape.com/catalogue/shakespeares-sonnets_989/index.html
Set Me Free (Vol. 1),17.46,5,In stock,http://books.toscrape.com/catalogue/set-me-free_988/index.html
Scott Pilgrim's Precious Little Life (Scott Pilgrim #1) (Vol. 1),52.29,5,In stock,http://books.toscrape.com/catalogue/scott-pilgrims-precious-little-life_987/index.html
Rip it Up and Start Again (Vol. 1),35.02,5,In stock,http://books.toscrape.com/catalogue/rip-it-up-and-start-again_986/index.html
"Our Band Could Be Your Life: Scenes from the American Indie Underground, 1981-1991 (Vol. 1)",57.25,3,In stock,http://books.toscrape.com/catalogue/our-band-could-be-your-life_985/index.html
Olio (Vol. 1),23.88,1,In stock,http://books.toscrape.com/catalogue/olio_984/index.html
Mesaerion: The Best Science Fiction Stories 1800-1849 (Vol. 1),37.59,1,In stock,http://books.toscrape.com/catalogue/mesaerion_983/index.html
Libertarianism for Beginners (Vol. 1),51.33,2,In stock,http://books.toscrape.com/catalogue/libertarianism-for-beginners_982/index.html
It's Only the Himalayas (Vol. 1),45.17,2,In stock,http://books.toscrape.com/catalogue/its-only-the-himalayas_981/index.html
A Light in the Attic (Vol. 2),53.27,3,In stock,http://books.toscrape.com/catalogue/a-light-in-the-attic_1000/index.html
Tipping the Velvet (Vol. 2),55.24,1,In stock,http://books.toscrape.com/catalogue/tipping-the-velvet_999/index.html
Soumission (Vol. 2),51.6,1,In stock,http://books.toscrape.com/catalogue/soumission_998/index.html
Sharp Objects (Vol. 2),49.32,4,In stock,http://books.toscrape.com/catalogue/sharp-objects_997/index.html
Sapiens: A Brief History of Humankind (Vol. 2),55.73,5,In stock,http://books.toscrape.com/catalogue/sapiens-a-brief-history-of-humankind_996/index.html
The Requiem Red (Vol. 2),24.15,1,In stock,http://books.toscrape.com/catalogue/the-requiem-red_995/index.html
The Dirty Little Secrets of Getting Your Dream Job (Vol. 2),34.84,4,In stock,http://books.toscrape.com/catalogue/the-dirty-little-secrets-of-getting-your-dream-job_994/index.html
"The Coming Woman: A Novel Based on the Life of the Infamous Feminist, Victoria Woodhull (Vol. 2)",19.43,3,In stock,http://books.toscrape.com/catalogue/the-coming-woman_993/index.html
The Boys in the Boat: Nine Americans and Their Epic Quest for Gold at the 1936 Berlin Olympics (Vol. 2),24.1,4,In stock,http://books.toscrape.com/catalogue/the-boys-in-the-boat_992/index.html
The Black Maria (Vol. 2),53.65,1,In stock,http://books.toscrape.com/catalogue/the-black-maria_991/index.html
"Starving Hearts (Triangular Trade Trilogy, #1) (Vol. 2)",15.49,2,In stock,http://books.toscrape.com/catalogue/starving-hearts_990/index.html
Shakespeare's Sonnets (Vol. 2),22.16,4,In stock,http://books.toscrape.com/catalogue/shakespeares-sonnets_989/index.html
Set Me Free (Vol. 2),18.96,5,In stock,http://books.toscrape.com/catalogue/set-me-free_988/index.html
Scott Pilgrim's Precious Little Life (Scott Pilgrim #1) (Vol. 2),53.79,5,In stock,http://books.toscrape.com/catalogue/scott-pilgrims-precious-little-life_987/index.html
Rip it Up and Start Again (Vol. 2),36.52,5,In stock,http://books.toscrape.com/catalogue/rip-it-up-and-start-again_986/index.html
"Our Band Could Be Your Life: Scenes from the American Indie Underground, 1981-1991 (Vol. 2)",58.75,3,In stock,http://books.toscrape.com/catalogue/our-band-could-be-your-life_985/index.html
Olio (Vol. 2),25.38,1,In stock,http://books.toscrape.com/catalogue/olio_984/index.html
Mesaerion: The Best Science Fiction Stories 1800-1849 (Vol. 2),39.09,1,In stock,http://books.toscrape.com/catalogue/mesaerion_983/index.html
Libertarianism for Beginners (Vol. 2),52.83,2,In stock,http://books.toscrape.com/catalogue/libertarianism-for-beginners_982/index.html
It's Only the Himalayas (Vol. 2),46.67,2,In stock,http://books.toscrape.com/catalogue/its-only-the-himalayas_981/index.html
A Light in the Attic (Vol. 3),54.77,3,In stock,http://books.toscrape.com/catalogue/a-light-in-the-attic_1000/index.html
Tipping the Velvet (Vol. 3),56.74,1,In stock,http://books.toscrape.com/catalogue/tipping-the-velvet_999/index.html
Soumission (Vol. 3),53.1,1,In stock,http://books.toscrape.com/catalogue/soumission_998/index.html
Sharp Objects (Vol. 3),50.82,4,In stock,http://books.toscrape.com/catalogue/sharp-objects_997/index.html
Sapiens: A Brief History of Humankind (Vol. 3),57.23,5,In stock,http://books.toscrape.com/catalogue/sapiens-a-brief-history-of-humankind_996/index.html
The Requiem Red (Vol. 3),25.65,1,In stock,http://books.toscrape.com/catalogue/the-requiem-red_995/index.html
The Dirty Little Secrets of Getting Your Dream Job (Vol. 3),36.34,4,In stock,http://books.toscrape.com/catalogue/the-dirty-little-secrets-of-getting-your-dream-job_994/index.html
"The Coming Woman: A Novel Based on the Life of the Infamous Feminist, Victoria Woodhull (Vol. 3)",20.93,3,In stock,http://books.toscrape.com/catalogue/the-coming-woman_993/index.html
The Boys in the Boat: Nine Americans and Their Epic Quest for Gold at the 1936 Berlin Olympics (Vol. 3),25.6,4,In stock,http://books.toscrape.com/catalogue/the-boys-in-the-boat_992/index.html
The Black Maria (Vol. 3),55.15,1,In stock,http://books.toscrape.com/catalogue/the-black-maria_991/index.html
"Starving Hearts (Triangular Trade Trilogy, #1) (Vol. 3)",16.99,2,In stock,http://books.toscrape.com/catalogue/starving-hearts_990/index.html
Shakespeare's Sonnets (Vol. 3),23.66,4,In stock,http://books.toscrape.com/catalogue/shakespeares-sonnets_989/index.html
Set Me Free (Vol. 3),20.46,5,In stock,http://books.toscrape.com/catalogue/set-me-free_988/index.html
Scott Pilgrim's Precious Little Life (Scott Pilgrim #1) (Vol. 3),55.29,5,In stock,http://books.toscrape.com/catalogue/scott-pilgrims-precious-little-life_987/index.html
Rip it Up and Start Again (Vol. 3),38.02,5,In stock,http://books.toscrape.com/catalogue/rip-it-up-and-start-again_986/index.html
"Our Band Could Be Your Life: Scenes from the American Indie Underground, 1981-1991 (Vol. 3)",60.25,3,In stock,http://books.toscrape.com/catalogue/our-band-could-be-your-life_985/index.html
Olio (Vol. 3),26.88,1,In stock,http://books.toscrape.com/catalogue/olio_984/index.html
Mesaerion: The Best Science Fiction Stories 1800-1849 (Vol. 3),40.59,1,In stock,http://books.toscrape.com/catalogue/mesaerion_983/index.html
Libertarianism for Beginners (Vol. 3),54.33,2,In stock,http://books.toscrape.com/catalogue/libertarianism-for-beginners_982/index.html
It's Only the Himalayas (Vol. 3),48.17,2,In stock,http://books.toscrape.com/catalogue/its-only-the-himalayas_981/index.html
A Light in the Attic (Vol. 4),56.27,3,In stock,http://books.toscrape.com/catalogue/a-light-in-the-attic_1000/index.html
Tipping the Velvet (Vol. 4),58.24,1,In stock,http://books.toscrape.com/catalogue/tipping-the-velvet_999/index.html
Soumission (Vol. 4),54.6,1,In stock,http://books.toscrape.com/catalogue/soumission_998/index.html
Sharp Objects (Vol. 4),52.32,4,In stock,http://books.toscrape.com/catalogue/sharp-objects_997/index.html
Sapiens: A Brief History of Humankind (Vol. 4),58.73,5,In stock,http://books.toscrape.com/catalogue/sapiens-a-brief-history-of-humankind_996/index.html
The Requiem Red (Vol. 4),27.15,1,In stock,http://books.toscrape.com/catalogue/the-requiem-red_995/index.html
The Dirty Little Secrets of Getting Your Dream Job (Vol. 4),37.84,4,In stock,http://books.toscrape.com/catalogue/the-dirty-little-secrets-of-getting-your-dream-job_994/index.html
"The Coming Woman: A Novel Based on the Life of the Infamous Feminist, Victoria Woodhull (Vol. 4)",22.43,3,In stock,http://books.toscrape.com/catalogue/the-coming-woman_993/index.html
The Boys in the Boat: Nine Americans and Their Epic Quest for Gold at the 1936 Berlin Olympics (Vol. 4),27.1,4,In stock,http://books.toscrape.com/catalogue/the-boys-in-the-boat_992/index.html
The Black Maria (Vol. 4),56.65,1,In stock,http://books.toscrape.com/catalogue/the-black-maria_991/index.html
"Starving Hearts (Triangular Trade Trilogy, #1) (Vol. 4)",18.49,2,In stock,http://books.toscrape.com/catalogue/starving-hearts_990/index.html
Shakespeare's Sonnets (Vol. 4),25.16,4,In stock,http://books.toscrape.com/catalogue/shakespeares-sonnets_989/index.html
Set Me Free (Vol. 4),21.96,5,In stock,http://books.toscrape.com/catalogue/set-me-free_988/index.html
Scott Pilgrim's Precious Little Life (Scott Pilgrim #1) (Vol. 4),56.79,5,In stock,http://books.toscrape.com/catalogue/scott-pilgrims-precious-little-life_987/index.html
Rip it Up and Start Again (Vol. 4),39.52,5,In stock,http://books.toscrape.com/catalogue/rip-it-up-and-start-again_986/index.html
"Our Band Could Be Your Life: Scenes from the American Indie Underground, 1981-1991 (Vol. 4)",61.75,3,In stock,http://books.toscrape.com/catalogue/our-band-could-be-your-life_985/index.html
Olio (Vol. 4),28.38,1,In stock,http://books.toscrape.com/catalogue/olio_984/index.html
Mesaerion: The Best Science Fiction Stories 1800-1849 (Vol. 4),42.09,1,In stock,http://books.toscrape.com/catalogue/mesaerion_983/index.html
Libertarianism for Beginners (Vol. 4),55.83,2,In stock,http://books.toscrape.com/catalogue/libertarianism-for-beginners_982/index.html
It's Only the Himalayas (Vol. 4),49.67,2,In stock,http://books.toscrape.com/catalogue/its-only-the-himalayas_981/index.html
A Light in the Attic (Vol. 5),57.77,3,In stock,http://books.toscrape.com/catalogue/a-light-in-the-attic_1000/index.html
Tipping the Velvet (Vol. 5),59.74,1,In stock,http://books.toscrape.com/catalogue/tipping-the-velvet_999/index.html
Soumission (Vol. 5),56.1,1,In stock,http://books.toscrape.com/catalogue/soumission_998/index.html
Sharp Objects (Vol. 5),53.82,4,In stock,http://books.toscrape.com/catalogue/sharp-objects_997/index.html
Sapiens: A Brief History of Humankind (Vol. 5),60.23,5,In stock,http://books.toscrape.com/catalogue/sapiens-a-brief-history-of-humankind_996/index.html
The Requiem Red (Vol. 5),28.65,1,In stock,http://books.toscrape.com/catalogue/the-requiem-red_995/index.html
The Dirty Little Secrets of Getting Your Dream Job (Vol. 5),39.34,4,In stock,http://books.toscrape.com/catalogue/the-dirty-little-secrets-of-getting-your-dream-job_994/index.html
"The Coming Woman: A Novel Based on the Life of the Infamous Feminist, Victoria Woodhull (Vol. 5)",23.93,3,In stock,http://books.toscrape.com/catalogue/the-coming-woman_993/index.html
The Boys in the Boat: Nine Americans and Their Epic Quest for Gold at the 1936 Berlin Olympics (Vol. 5),28.6,4,In stock,http://books.toscrape.com/catalogue/the-boys-in-the-boat_992/index.html
The Black Maria (Vol. 5),58.15,1,In stock,http://books.toscrape.com/catalogue/the-black-maria_991/index.html
"Starving Hearts (Triangular Trade Trilogy, #1) (Vol. 5)",19.99,2,In stock,http://books.toscrape.com/catalogue/starving-hearts_990/index.html
Shakespeare's Sonnets (Vol. 5),26.66,4,In stock,http://books.toscrape.com/catalogue/shakespeares-sonnets_989/index.html
Set Me Free (Vol. 5),23.46,5,In stock,http://books.toscrape.com/catalogue/set-me-free_988/index.html
Scott Pilgrim's Precious Little Life (Scott Pilgrim #1) (Vol. 5),58.29,5,In stock,http://books.toscrape.com/catalogue/scott-pilgrims-precious-little-life_987/index.html
Rip it Up and Start Again (Vol. 5),41.02,5,In stock,http://books.toscrape.com/catalogue/rip-it-up-and-start-again_986/index.html
"Our Band Could Be Your Life: Scenes from the American Indie Underground, 1981-1991 (Vol. 5)",63.25,3,In stock,http://books.toscrape.com/catalogue/our-band-could-be-your-life_985/index.html
Olio (Vol. 5),29.88,1,In stock,http://books.toscrape.com/catalogue/olio_984/index.html
Mesaerion: The Best Science Fiction Stories 1800-1849 (Vol. 5),43.59,1,In stock,http://books.toscrape.com/catalogue/mesaerion_983/index.html
Libertarianism for Beginners (Vol. 5),57.33,2,In stock,http://books.toscrape.com/catalogue/libertarianism-for-beginners_982/index.html
It's Only the Himalayas (Vol. 5),51.17,2,In stock,http://books.toscrape.com/catalogue/its-only-the-himalayas_981/index.html
